name,price,rating,distance,latitude,longitude
Budzik Coffee,,5.0,370.24635493186537,53.020554,18.570606
Sklep Bar na Rozdrożu Pudełek Brygida,,5.0,347.2580465684368,53.010124,18.584802
Gepetto,,5.0,714.2502697657982,53.020554,18.570606
Mr. Capone,,5.0,373.173058952963,53.020554,18.570606
Mr. Capone,,5.0,683.6824925864963,53.014522,18.5616
Budzik Coffee,,5.0,692.9637088515063,53.014522,18.5616
Coffeeheaven,,5.0,210.92545837709557,53.014522,18.5616
Chang-Lin,,5.0,493.3277878341965,53.023772,18.675857
Chang-Lin,,5.0,756.874084922493,53.028683,18.692462
Cukiernia Lenkiewicz,$,5.0,818.8775781866055,53.028683,18.692462
Pieprz i Wanilia,,5.0,1200.5466983354445,53.028683,18.692462
Fonte,$,5.0,995.5422191934294,53.019546,18.623415
Cukiernia Zyska,$$,5.0,1064.5377464475014,53.019546,18.623415
Restauracja Masala,$$,5.0,1247.1229823968272,53.019546,18.623415
Dom Sushi,,5.0,1098.6318142245873,53.018852,18.591969
Fonte,$,5.0,183.95151530573315,53.012702,18.619199
Gepetto,,5.0,880.8400471919448,53.010124,18.584802
Mr. Capone,,5.0,1223.3079144961875,53.010124,18.584802
Budzik Coffee,,5.0,1218.821337618143,53.010124,18.584802
Coffeeheaven,,5.0,902.7010080515606,53.020554,18.570606
Budzik Coffee,,5.0,754.1584364136224,53.013617,18.580471
Gepetto,,5.0,432.9174820478508,53.013617,18.580471
Muzeum Zabawek i Bajek,,5.0,1198.640357223122,53.000452,18.613884
Cukiernia Zyska,$$,5.0,943.4065791976764,53.021252,18.613106
Coffeeheaven,,5.0,787.8614336347708,53.01726,18.571075
Gepetto,,5.0,597.605140130344,53.01726,18.571075
Mr. Capone,,5.0,19.567790734113927,53.01726,18.571075
Budzik Coffee,,5.0,10.256947531332536,53.01726,18.571075
Casa Bonicatti,,5.0,988.33980139046,53.000452,18.613884
Restauracja włoska i pizzeria Napolitano,,5.0,990.9461456581656,53.000452,18.613884
Cukiernia Lenkiewicz,$,5.0,370.910649315498,53.027043,18.679764
Mr. Capone,,5.0,759.7778634654718,53.013617,18.580471
Chang-Lin,,5.0,153.79248896126268,53.027043,18.679764
Sklep Bar na Rozdrożu Pudełek Brygida,,5.0,1201.2899135220273,53.018989,18.580011
Mr. Capone,,5.0,647.4473772744054,53.018989,18.580011
Budzik Coffee,,5.0,638.147276932398,53.018989,18.580011
Gepetto,,5.0,165.57069708158318,53.018989,18.580011
Cukiernia Lenkiewicz,$,5.0,461.7815320874772,53.023772,18.675857
Sklep Bar na Rozdrożu Pudełek Brygida,,5.0,752.730376881098,53.013617,18.580471
Sfera Restauracja,,5.0,820.2317183018885,53.010124,18.584802
Bar Hetmański Fischer Jadwiga,,5.0,1044.7092092176808,53.021725,18.59627
Gepetto,,5.0,653.7773716790102,53.022897,18.583878
Mr. Capone,,5.0,1080.0423791353735,53.022897,18.583878
Budzik Coffee,,5.0,1071.045610440764,53.022897,18.583878
Coffeeheaven,,5.0,823.7709440118925,53.013489,18.571125
Budzik Coffee,,5.0,416.18423705258454,53.013489,18.571125
Mr. Capone,,5.0,413.2162450400822,53.013489,18.571125
Gepetto,,5.0,742.5539115498477,53.013489,18.571125
Stare Metropolis,$$$$,4.9,476.7394077530122,53.007485,18.600735
Stare Metropolis,$$$$,4.9,1404.0900365483155,53.018852,18.591969
Stare Metropolis,$$$$,4.9,593.5562711380312,53.013655,18.612899
Stare Metropolis,$$$$,4.9,432.52852649851553,53.009622,18.600228
Stare Metropolis,$$$$,4.9,392.8702380015605,53.011939,18.611414
Stare Metropolis,$$$$,4.9,750.1724900814498,53.015872,18.601638
Stare Metropolis,$$$$,4.9,741.9482333648027,53.012029,18.596202
Stare Metropolis,$$$$,4.9,895.5631194112109,53.012702,18.619199
Stare Metropolis,$$$$,4.9,656.7937881358965,53.015745,18.607203
Pierogarnia Stary Młyn,$$,4.8,502.6026716442501,53.007485,18.600735
Restauracja Po Naszemu Sp. z o.o.,$$,4.8,331.8453935807378,53.015745,18.607203
Restauracja Po Naszemu Sp. z o.o.,$$,4.8,445.04468432656,53.013655,18.612899
Cukiernia Lenkiewicz,$$,4.8,364.8134662808958,53.013655,18.612899
Cukiernia Lenkiewicz,$$,4.8,662.5317302019465,53.009622,18.600228
Cukiernia Lenkiewicz,$$,4.8,721.9113745968076,53.007485,18.600735
Restauracja Po Naszemu Sp. z o.o.,$$,4.8,1201.6852389495552,53.021725,18.59627
Restauracja Po Naszemu Sp. z o.o.,$$,4.8,687.6061375344049,53.012029,18.596202
Cukiernia Lenkiewicz,$$,4.8,924.3188143894552,53.012029,18.596202
Cukiernia Lenkiewicz,$$,4.8,566.2093245241622,53.015745,18.607203
Restauracja Po Naszemu Sp. z o.o.,$$,4.8,467.0815393852931,53.015872,18.601638
Cukiernia Lenkiewicz,$$,4.8,780.1261250770531,53.015872,18.601638
Cukiernia Lenkiewicz,$$,4.8,152.4750393048466,53.011939,18.611414
Restauracja Po Naszemu Sp. z o.o.,$$,4.8,1041.384962522933,53.021252,18.613106
Cukiernia Lenkiewicz,$$,4.8,1318.592021764493,53.019546,18.623415
Restauracja Po Naszemu Sp. z o.o.,$$,4.8,348.8295206379132,53.011939,18.611414
Pierogarnia Stary Młyn,$$,4.8,367.0772978994344,53.011939,18.611414
Restauracja Po Naszemu Sp. z o.o.,$$,4.8,856.3088504574954,53.012702,18.619199
Restauracja Po Naszemu Sp. z o.o.,$$,4.8,1176.7596128649277,53.018852,18.591969
Cukiernia Lenkiewicz,$$,4.8,653.3717887268668,53.012702,18.619199
Cafe Lenkiewicz,$$,4.5,970.0300159709136,53.012702,18.619199
Presto,,4.5,636.1152085111797,53.031525,18.610275
Presto,,4.5,795.0838899175191,53.035522,18.599119
Presto,,4.5,840.3135213744985,53.030117,18.58979
Presto,,4.5,690.226796428769,53.024134,18.609268
Presto,,4.5,516.3575923973018,53.033019,18.599727
Presto,,4.5,987.995461343914,53.034691,18.612857
Cafe Lenkiewicz,$$,4.5,347.4356432763724,53.009622,18.600228
Cafe Lenkiewicz,$$,4.5,465.5795043708961,53.007485,18.600735
Cafe Lenkiewicz,$$,4.5,612.3777211363883,53.015872,18.601638
Ogród Zoobotaniczny,,4.5,770.6496786703476,53.010124,18.584802
Kona Coast Cafe,$,4.5,326.7819958503193,53.009622,18.600228
Cafe Lenkiewicz,$$,4.5,572.0430839591942,53.015745,18.607203
Cafe Lenkiewicz,$$,4.5,444.6010163540944,53.011939,18.611414
Cafe Lenkiewicz,$$,4.5,1255.3189952054006,53.018852,18.591969
Presto,,4.5,858.1575405204168,53.021725,18.59627
Kona Coast Cafe,$,4.5,1097.2570346845866,53.018852,18.591969
Presto,,4.5,366.7071003876584,53.025309,18.601746
Cafe Lenkiewicz,$$,4.5,609.1657920556814,53.012029,18.596202
Cafe Lenkiewicz,$$,4.5,614.9983396032331,53.013655,18.612899
Pierogarnia Stary Toruń,$$,4.4,434.7150306588699,53.015745,18.607203
Pierogarnia Stary Toruń,$$,4.4,547.3643014716915,53.015872,18.601638
Pierogarnia Stary Toruń,$$,4.4,482.05470400053025,53.009622,18.600228
Pierogarnia Stary Toruń,$$,4.4,1238.7273552375802,53.018852,18.591969
Pierogarnia Stary Toruń,$$,4.4,478.5497223022549,53.013655,18.612899
Pierogarnia Stary Toruń,$$,4.4,861.7456090233109,53.012702,18.619199
Pierogarnia Stary Toruń,$$,4.4,682.0206500608324,53.012029,18.596202
Pierogarnia Stary Toruń,$$,4.4,616.9303965767497,53.007485,18.600735
Pierogarnia Stary Toruń,$$,4.4,336.00423642143085,53.011939,18.611414
Szeroka No. 9,$$,4.4,270.5230142228768,53.011939,18.611414
Szeroka No. 9,$$,4.4,781.1187785817027,53.012702,18.619199
Oberża,,4.3,1097.4940929615334,53.000452,18.613884
Chleb i Wino,$$,4.3,534.7395038215392,53.012029,18.596202
Coffee & Whisky House,$$,4.3,814.2973218907573,53.015872,18.601638
Żywe Muzeum Piernika,,4.3,1088.9196014560366,53.000452,18.613884
Coffee & Whisky House,$$,4.3,1145.676836719205,53.000452,18.613884
Chleb i Wino,$$,4.3,580.446230258375,53.015872,18.601638
Coffee & Whisky House,$$,4.3,223.35713768961585,53.007485,18.600735
Chleb i Wino,$$,4.3,1198.2057329157046,53.018852,18.591969
Chleb i Wino,$$,4.3,430.5366752314754,53.007485,18.600735
Chleb i Wino,$$,4.3,587.2860137685619,53.015745,18.607203
Oberża,,4.3,306.19231705874046,53.007485,18.600735
Chleb i Wino,$$,4.3,283.2856093904474,53.009622,18.600228
Coffee & Whisky House,$$,4.3,243.490319758216,53.009622,18.600228
Coffee & Whisky House,$$,4.3,615.9294902833656,53.012029,18.596202
Pizzeria Piccolo,$,4.0,1278.0007784873444,53.021725,18.59627
Cafe Molus,$,4.0,988.95086364927,53.021725,18.59627
Azzurro,,4.0,798.4800833084922,53.010124,18.584802
Pizzeria Piccolo,$,4.0,343.86437620142107,53.015745,18.607203
Coffee2Go,,4.0,557.5781294689574,52.99555,18.616924
Czarny Tulipan,,4.0,362.07279378930247,53.010124,18.584802
Eragon,,4.0,620.1065023502322,53.021725,18.59627
Pizzeria Piccolo,$,4.0,799.4599787899285,53.012029,18.596202
Cafe Molus,$,4.0,986.2276616130752,53.022897,18.583878
Eragon,,4.0,508.7662514409428,53.021252,18.613106
Jadłostacja,,4.0,63.8956521404031,53.042366,18.580832
Karczma Gęsia Szyja,$$,4.0,809.0161493490525,53.012702,18.619199
La Grande,,4.0,881.539102369612,53.041102,18.598109
Karczma Gęsia Szyja,$$,4.0,511.25191207423865,53.015745,18.607203
Pizzeria Piccolo,$,4.0,1008.174799696076,53.021252,18.613106
Czarny Tulipan,,4.0,871.2160383869889,53.01726,18.571075
Restauracja Luizjana,$$,4.0,1031.2827434558826,53.000452,18.613884
Eragon,,4.0,412.24855124942445,53.024134,18.609268
Azzurro,,4.0,278.1064481626736,53.013489,18.571125
Azzurro,,4.0,425.63520575151233,53.01726,18.571075
La Grande,,4.0,1367.528667692699,53.042366,18.580832
Coffee2Go,,4.0,79.8616033146153,53.000452,18.613884
La Grande,,4.0,328.1945761177329,53.033019,18.599727
La Grande,,4.0,1012.3409280943793,53.025309,18.601746
Czarny Tulipan,,4.0,627.0747231661308,53.013489,18.571125
North Fish,,4.0,914.667847276939,53.017646,18.635777
Central Coffee Perks,$,4.0,1367.0298210990627,53.019546,18.623415
Karczma Gęsia Szyja,$$,4.0,462.3357498930428,53.013655,18.612899
Wabi Navi,,4.0,1324.098084348061,53.019546,18.623415
North Fish,,4.0,1127.616994750251,53.019546,18.623415
Coffee2Go,,4.0,1298.3493582837568,52.992563,18.600756
Eragon,,4.0,521.3415469471167,53.025309,18.601746
Pizzeria Piccolo,$,4.0,338.15132820836374,53.013655,18.612899
Cafe Molus,$,4.0,847.7809926406917,53.025309,18.601746
Azzurro,,4.0,901.4132202335236,53.014522,18.5616
North Fish,,4.0,189.59582874555915,53.024468,18.638258
Azzurro,,4.0,758.810086136759,53.020554,18.570606
Czarny Tulipan,,4.0,239.25515823261716,53.013617,18.580471
Eragon,,4.0,881.977005059279,53.023882,18.61791
Pizzeria Piccolo,$,4.0,742.5122100509789,53.012702,18.619199
Azzurro,,4.0,368.8390231693737,53.013617,18.580471
Azzurro,,4.0,619.2384878988066,53.018989,18.580011
La Grande,,4.0,368.3546192030528,53.035522,18.599119
Pizzeria Piccolo,$,4.0,237.30498536986025,53.011939,18.611414
Pizzeria Piccolo,$,4.0,557.9203282319824,53.015872,18.601638
Bar Mleczny Małgośka,$,4.0,1316.6541331955646,53.018852,18.591969
Karczma Gęsia Szyja,$$,4.0,283.5135713121445,53.011939,18.611414
Cafe Molus,$,4.0,155.4995310517114,53.030117,18.58979
La Grande,,4.0,499.84562707447583,53.030117,18.58979
Cafe Molus,$,4.0,595.0660459591409,53.033019,18.599727
Cafe Molus,$,4.0,750.0775730361343,53.035522,18.599119
North Fish,,4.0,175.6559077076458,53.025994,18.633996
Azzurro,,4.0,1124.8417620462956,53.022897,18.583878
Jadłostacja,,4.0,842.4096472252247,53.049682,18.578734
Coffee2Go,,4.0,1239.780623037866,52.993479,18.629549
Czarny Tulipan,,4.0,833.4763616578336,53.018989,18.580011
Browar Staromiejski Jan Olbracht,$$,3.8,534.1557407755896,53.015745,18.607203
Manekin,$,3.8,717.6681982121288,53.007485,18.600735
Browar Staromiejski Jan Olbracht,$$,3.8,398.67739461740746,53.011939,18.611414
Browar Staromiejski Jan Olbracht,$$,3.8,925.356514164543,53.012702,18.619199
Browar Staromiejski Jan Olbracht,$$,3.8,513.5269431892531,53.007485,18.600735
Manekin,$,3.8,624.9773023146208,53.015745,18.607203
Browar Staromiejski Jan Olbracht,$$,3.8,601.2205586788448,53.015872,18.601638
Manekin,$,3.8,999.5428216321244,53.010124,18.584802
Browar Staromiejski Jan Olbracht,$$,3.8,565.9472031881969,53.013655,18.612899
Manekin,$,3.8,710.1998443935782,53.018852,18.591969
Manekin,$,3.8,967.1393006134087,53.013655,18.612899
Browar Staromiejski Jan Olbracht,$$,3.8,1262.232375700483,53.018852,18.591969
Manekin,$,3.8,1284.663888415419,53.021252,18.613106
Browar Staromiejski Jan Olbracht,$$,3.8,641.5790637994288,53.012029,18.596202
Manekin,$,3.8,315.03449557319885,53.015872,18.601638
Manekin,$,3.8,478.60744485921305,53.009622,18.600228
Manekin,$,3.8,894.2090844527,53.021725,18.59627
Browar Staromiejski Jan Olbracht,$$,3.8,395.11405241900826,53.009622,18.600228
Manekin,$,3.8,246.66149344463977,53.012029,18.596202
Kadr,$$,3.7,1058.6477968475074,53.000452,18.613884
Cube Cafe,,3.5,1093.51845292576,53.027043,18.679764
Cube Cafe,,3.5,634.3920608129774,53.028683,18.692462
Spaghetteria Pasta,$,3.4,235.9806574834045,53.009622,18.600228
Mediterian,,3.3,1012.1769010885812,53.031525,18.610275
Mediterian,,3.3,957.2594185613532,53.025994,18.633996
Mediterian,,3.3,149.78692079318898,53.023882,18.61791
Loft79,$$$,3.3,978.069424776239,53.019546,18.623415
Mediterian,,3.3,598.9301738121526,53.019546,18.623415
Restauracja Pueblo,,3.3,1037.5309328527003,53.000452,18.613884
Mediterian,,3.3,712.242537675572,53.024134,18.609268
Loft79,$$$,3.3,167.05381546625804,53.013655,18.612899
Loft79,$$$,3.3,735.6990357003142,53.021252,18.613106
Mediterian,,3.3,580.4487382133666,53.021252,18.613106
Loft79,$$$,3.3,1263.6357089211308,53.021725,18.59627
Cukiernia Sowa,,3.0,1161.86892681471,53.029537,18.653436
AS,,3.0,106.89143632677698,52.99555,18.616924
Bar Klif,$,3.0,938.5195089161476,53.034691,18.612857
Cukiernia Sowa,,3.0,373.0485503156907,53.025994,18.633996
Grycan,,3.0,292.7640817482028,53.025994,18.633996
Bar Klif,$,3.0,782.2909223000282,53.030117,18.58979
Cukiernia Sowa,,3.0,742.0757263675433,53.017646,18.635777
Cukiernia Sowa,,3.0,46.87866997776951,53.024468,18.638258
Grycan,,3.0,734.9597714241312,53.017646,18.635777
Bar Klif,$,3.0,725.8345127069239,53.041102,18.598109
Grycan,,3.0,76.77917044522955,53.024468,18.638258
Bar Klif,$,3.0,105.68292653726738,53.035522,18.599119
Bar Klif,$,3.0,184.7139942768636,53.033019,18.599727
Bar Klif,$,3.0,838.1762091059667,53.031525,18.610275
AS,,3.0,782.3310765463935,52.993479,18.629549
Pizzeria Da Grasso,$$$,2.5,1114.6832172030536,53.019546,18.623415
Pizzeria Da Grasso,$$$,2.5,968.802124943388,53.021252,18.613106
New York's Pizza,,2.0,999.5428216321244,53.010124,18.584802
Saj Gon,$,2.0,912.53642869976,53.017646,18.635777
Saj Gon,$,2.0,170.71809187109324,53.024468,18.638258
New York's Pizza,,2.0,894.2090844527,53.021725,18.59627
Firma Handlowo Usługowa Apollo Pyskło Piotr,$$,2.0,63.64872484766087,53.042366,18.580832
Pub Duet,$$,2.0,22.20328366731588,53.042366,18.580832
Bar Panda,$,2.0,937.5133043179304,53.013617,18.580471
Saj Gon,$,2.0,204.54988683126783,53.025994,18.633996
Firma Handlowo Usługowa Apollo Pyskło Piotr,$$,2.0,761.9002160431112,53.049682,18.578734
Bar Panda,$,2.0,1255.4642878175894,53.018989,18.580011
Pub Duet,$$,2.0,818.9209608140142,53.049682,18.578734
Pizzeria Goya,,1.0,305.41184345565557,53.024134,18.609268
Pizzeria Goya,,1.0,833.2070074268879,53.023882,18.61791
Nice Kebab,$$,1.0,79.72312361338842,53.042366,18.580832
Pizzeria Goya,,1.0,634.8188924881072,53.021725,18.59627
Pizzeria Goya,,1.0,513.035640683159,53.021252,18.613106
Royal India,$$$$,1.0,1044.2880233270057,53.021252,18.613106
Nice Kebab,$$,1.0,881.1815058877723,53.049682,18.578734
Pizzeria Goya,,1.0,414.9176642113279,53.025309,18.601746
